id,user_id,name,date,amount,recurring
98,ABiSypnDBxaaMQbGEZQUQAJHyrAMjVlQ,Affirm,2024-12-20,52.2,1
99,ABiSypnDBxaaMQbGEZQUQAJHyrAMjVlQ,Affirm,2025-01-20,52.2,1
102,ABiSypnDBxaaMQbGEZQUQAJHyrAMjVlQ,Albert,2024-04-04,14.99,1
105,ABiSypnDBxaaMQbGEZQUQAJHyrAMjVlQ,Albert,2024-05-24,14.99,1
206,ABiSypnDBxaaMQbGEZQUQAJHyrAMjVlQ,Apple,2024-12-09,2.12,1
220,ABiSypnDBxaaMQbGEZQUQAJHyrAMjVlQ,Apple,2025-01-09,2.12,1
271,ABiSypnDBxaaMQbGEZQUQAJHyrAMjVlQ,Biggby Coffee,2023-11-11,13.28,0
272,ABiSypnDBxaaMQbGEZQUQAJHyrAMjVlQ,Biggby Coffee,2023-11-13,13.28,0
274,ABiSypnDBxaaMQbGEZQUQAJHyrAMjVlQ,Biggby Coffee,2023-11-17,13.28,0
275,ABiSypnDBxaaMQbGEZQUQAJHyrAMjVlQ,Biggby Coffee,2023-12-08,13.28,0
276,ABiSypnDBxaaMQbGEZQUQAJHyrAMjVlQ,Biggby Coffee,2023-12-15,13.28,0
277,ABiSypnDBxaaMQbGEZQUQAJHyrAMjVlQ,Biggby Coffee,2023-12-25,13.28,0
293,ABiSypnDBxaaMQbGEZQUQAJHyrAMjVlQ,Brigit,2023-04-06,50.99,0
294,ABiSypnDBxaaMQbGEZQUQAJHyrAMjVlQ,Brigit,2023-04-19,50.99,0
295,ABiSypnDBxaaMQbGEZQUQAJHyrAMjVlQ,Brigit,2023-05-04,50.99,0
296,ABiSypnDBxaaMQbGEZQUQAJHyrAMjVlQ,Brigit,2023-05-18,50.99,0
297,ABiSypnDBxaaMQbGEZQUQAJHyrAMjVlQ,Brigit,2023-06-02,50.99,0
545,ABiSypnDBxaaMQbGEZQUQAJHyrAMjVlQ,Cleo AI,2024-09-30,14.99,1
550,ABiSypnDBxaaMQbGEZQUQAJHyrAMjVlQ,Cleo AI,2024-10-30,14.99,1
552,ABiSypnDBxaaMQbGEZQUQAJHyrAMjVlQ,Cleo AI,2024-12-01,14.99,1
553,ABiSypnDBxaaMQbGEZQUQAJHyrAMjVlQ,Cleo AI,2025-01-03,14.99,1
554,ABiSypnDBxaaMQbGEZQUQAJHyrAMjVlQ,Cleo AI,2025-01-30,14.99,1
2296,ABiSypnDBxaaMQbGEZQUQAJHyrAMjVlQ,Valley Mart,2024-02-09,18.6,0
2298,ABiSypnDBxaaMQbGEZQUQAJHyrAMjVlQ,Valley Mart,2024-03-16,18.6,0
2311,ABiSypnDBxaaMQbGEZQUQAJHyrAMjVlQ,Valley Mart,2024-10-14,18.6,0
2313,ABiSypnDBxaaMQbGEZQUQAJHyrAMjVlQ,Valley Mart,2024-10-26,18.6,0
2314,ABiSypnDBxaaMQbGEZQUQAJHyrAMjVlQ,Valley Mart,2024-11-11,18.6,0
2317,ABiSypnDBxaaMQbGEZQUQAJHyrAMjVlQ,Valley Mart,2024-12-09,18.6,0
2659,EFEULcwXwcWTwZmddfjPTvBYubtpaeXD,Amazon Prime,2024-08-14,16.41,1
2660,EFEULcwXwcWTwZmddfjPTvBYubtpaeXD,Amazon Prime,2024-09-20,16.41,1
2661,EFEULcwXwcWTwZmddfjPTvBYubtpaeXD,Amazon Prime,2024-10-20,16.41,1
2756,EFEULcwXwcWTwZmddfjPTvBYubtpaeXD,Brigit,2024-10-31,50.99,1
2758,EFEULcwXwcWTwZmddfjPTvBYubtpaeXD,Brigit,2024-11-27,50.99,1
2762,EFEULcwXwcWTwZmddfjPTvBYubtpaeXD,Brigit,2024-12-26,50.99,1
2857,EFEULcwXwcWTwZmddfjPTvBYubtpaeXD,Creative S,2023-03-09,84.0,1
2858,EFEULcwXwcWTwZmddfjPTvBYubtpaeXD,Creative S,2023-04-12,84.0,1
3121,EFEULcwXwcWTwZmddfjPTvBYubtpaeXD,Getrenttoown,2023-04-18,1.0,1
3122,EFEULcwXwcWTwZmddfjPTvBYubtpaeXD,Getrenttoown,2023-04-18,1.0,1
3124,EFEULcwXwcWTwZmddfjPTvBYubtpaeXD,Getrenttoown,2023-05-18,1.0,1
3202,EFEULcwXwcWTwZmddfjPTvBYubtpaeXD,Klover App,2024-12-16,0.04,1
3204,EFEULcwXwcWTwZmddfjPTvBYubtpaeXD,Klover App,2025-01-02,0.02,1
3260,EFEULcwXwcWTwZmddfjPTvBYubtpaeXD,Metro By T Mobile Mobi,2023-10-07,110.0,1
3261,EFEULcwXwcWTwZmddfjPTvBYubtpaeXD,Metro By T Mobile Mobi,2024-01-11,110.0,1
3262,EFEULcwXwcWTwZmddfjPTvBYubtpaeXD,Metro By T Mobile Mobi,2024-03-07,120.0,1
3263,EFEULcwXwcWTwZmddfjPTvBYubtpaeXD,Metro By T Mobile Mobi,2024-04-07,120.0,1
3264,EFEULcwXwcWTwZmddfjPTvBYubtpaeXD,Metro By T Mobile Mobi,2024-05-16,125.35,1
3265,EFEULcwXwcWTwZmddfjPTvBYubtpaeXD,Metro by T-Mobile,2024-01-11,209.48,1
3269,EFEULcwXwcWTwZmddfjPTvBYubtpaeXD,Modwash Tn,2023-08-28,17.0,1
3270,EFEULcwXwcWTwZmddfjPTvBYubtpaeXD,Modwash Tn,2023-10-09,29.99,1
3271,EFEULcwXwcWTwZmddfjPTvBYubtpaeXD,Modwash Tn,2023-11-06,29.99,1
3326,EFEULcwXwcWTwZmddfjPTvBYubtpaeXD,Pai Iso,2023-06-29,202.99,0
3328,EFEULcwXwcWTwZmddfjPTvBYubtpaeXD,Pai Iso,2024-01-11,202.99,0
3331,EFEULcwXwcWTwZmddfjPTvBYubtpaeXD,Pai Iso,2024-10-18,202.99,0
3692,EFEULcwXwcWTwZmddfjPTvBYubtpaeXD,T-Mobile,2023-03-09,110.0,1
3693,EFEULcwXwcWTwZmddfjPTvBYubtpaeXD,T-Mobile,2024-09-06,108.0,1
3893,EFEULcwXwcWTwZmddfjPTvBYubtpaeXD,Zztocn,2023-02-26,5.45,1
3894,EFEULcwXwcWTwZmddfjPTvBYubtpaeXD,Zztocn,2023-03-26,5.45,1
3895,EFEULcwXwcWTwZmddfjPTvBYubtpaeXD,Zztocn,2023-05-02,5.45,1
3896,EFEULcwXwcWTwZmddfjPTvBYubtpaeXD,Zztocn,2023-06-02,5.45,1
3906,McetHwoRnaeJLbFYLAbTAPfCKWAdgevh,AAA Membership,2023-11-14,124.99,1
3925,McetHwoRnaeJLbFYLAbTAPfCKWAdgevh,Ad Free For,2024-04-15,2.99,1
3926,McetHwoRnaeJLbFYLAbTAPfCKWAdgevh,Ad Free For,2024-05-14,2.99,1
3991,McetHwoRnaeJLbFYLAbTAPfCKWAdgevh,Albert,2024-11-27,9.99,1
3996,McetHwoRnaeJLbFYLAbTAPfCKWAdgevh,Albert,2024-12-31,9.99,1
4003,McetHwoRnaeJLbFYLAbTAPfCKWAdgevh,Albert,2025-01-29,9.99,1
4047,McetHwoRnaeJLbFYLAbTAPfCKWAdgevh,Amazon Prime Video,2024-01-23,5.99,1
4049,McetHwoRnaeJLbFYLAbTAPfCKWAdgevh,Amazon Prime Video,2024-03-25,8.99,1
4050,McetHwoRnaeJLbFYLAbTAPfCKWAdgevh,Amazon Prime Video,2024-04-23,11.99,1
4051,McetHwoRnaeJLbFYLAbTAPfCKWAdgevh,Amazon Prime Video,2024-04-30,6.99,1
4052,McetHwoRnaeJLbFYLAbTAPfCKWAdgevh,Amazon Prime Video,2024-05-23,7.49,1
4143,McetHwoRnaeJLbFYLAbTAPfCKWAdgevh,Balboa Thrift And Loan,2024-09-20,357.95,1
4144,McetHwoRnaeJLbFYLAbTAPfCKWAdgevh,Balboa Thrift And Loan,2024-11-07,357.95,1
4145,McetHwoRnaeJLbFYLAbTAPfCKWAdgevh,Balboa Thrift And Loan,2024-12-11,357.95,1
4146,McetHwoRnaeJLbFYLAbTAPfCKWAdgevh,Balboa Thrift And Loan,2025-01-30,534.95,1
4178,McetHwoRnaeJLbFYLAbTAPfCKWAdgevh,Brec Vending Inc,2023-10-31,1.1,0
4179,McetHwoRnaeJLbFYLAbTAPfCKWAdgevh,Brec Vending Inc,2023-11-02,1.1,0
4180,McetHwoRnaeJLbFYLAbTAPfCKWAdgevh,Brec Vending Inc,2023-11-14,1.1,0
4181,McetHwoRnaeJLbFYLAbTAPfCKWAdgevh,Brec Vending Inc,2023-11-22,1.1,0
4182,McetHwoRnaeJLbFYLAbTAPfCKWAdgevh,Brec Vending Inc,2023-11-29,1.1,0
4183,McetHwoRnaeJLbFYLAbTAPfCKWAdgevh,Brec Vending Inc,2023-11-30,1.1,0
4184,McetHwoRnaeJLbFYLAbTAPfCKWAdgevh,Brec Vending Inc,2023-12-01,1.1,0
4187,McetHwoRnaeJLbFYLAbTAPfCKWAdgevh,Brigit,2023-10-27,9.99,1
4189,McetHwoRnaeJLbFYLAbTAPfCKWAdgevh,Brigit,2023-11-10,9.99,1
4193,McetHwoRnaeJLbFYLAbTAPfCKWAdgevh,Brigit,2023-12-13,9.99,1
4198,McetHwoRnaeJLbFYLAbTAPfCKWAdgevh,Brigit,2024-01-26,9.99,1
4199,McetHwoRnaeJLbFYLAbTAPfCKWAdgevh,Brigit,2024-01-31,9.99,1
4202,McetHwoRnaeJLbFYLAbTAPfCKWAdgevh,Brigit,2024-02-27,9.99,1
4206,McetHwoRnaeJLbFYLAbTAPfCKWAdgevh,Brigit,2024-03-29,9.99,1
4209,McetHwoRnaeJLbFYLAbTAPfCKWAdgevh,Brigit,2024-04-26,9.99,1
4212,McetHwoRnaeJLbFYLAbTAPfCKWAdgevh,Brigit,2024-05-24,9.99,1
4215,McetHwoRnaeJLbFYLAbTAPfCKWAdgevh,Brigit,2024-06-21,9.99,1
4218,McetHwoRnaeJLbFYLAbTAPfCKWAdgevh,Brigit,2024-07-19,9.99,1
4223,McetHwoRnaeJLbFYLAbTAPfCKWAdgevh,Brigit,2024-08-30,9.99,1
4227,McetHwoRnaeJLbFYLAbTAPfCKWAdgevh,Brigit,2024-09-27,90.0,0
4228,McetHwoRnaeJLbFYLAbTAPfCKWAdgevh,Brigit,2024-10-11,90.0,0
4230,McetHwoRnaeJLbFYLAbTAPfCKWAdgevh,Brigit,2024-11-27,90.0,0
4232,McetHwoRnaeJLbFYLAbTAPfCKWAdgevh,Brigit,2024-12-16,90.0,0
4240,McetHwoRnaeJLbFYLAbTAPfCKWAdgevh,Brigit,2025-01-13,90.0,0
4347,McetHwoRnaeJLbFYLAbTAPfCKWAdgevh,Cleo,2024-01-22,5.99,1
4353,McetHwoRnaeJLbFYLAbTAPfCKWAdgevh,Cleo,2024-04-15,5.99,1
4356,McetHwoRnaeJLbFYLAbTAPfCKWAdgevh,Cleo,2024-05-13,5.99,1
4369,McetHwoRnaeJLbFYLAbTAPfCKWAdgevh,Cleo,2024-12-09,6.99,1
4375,McetHwoRnaeJLbFYLAbTAPfCKWAdgevh,Cleo,2025-01-21,7.99,1
4387,McetHwoRnaeJLbFYLAbTAPfCKWAdgevh,Cleo AI,2023-09-22,3.99,1
4553,McetHwoRnaeJLbFYLAbTAPfCKWAdgevh,Discord,2023-09-11,7.99,1
4568,McetHwoRnaeJLbFYLAbTAPfCKWAdgevh,Domino's,2024-05-17,35.29,0
4572,McetHwoRnaeJLbFYLAbTAPfCKWAdgevh,Domino's,2024-06-21,36.83,0
4574,McetHwoRnaeJLbFYLAbTAPfCKWAdgevh,Domino's,2024-07-01,36.83,0
4576,McetHwoRnaeJLbFYLAbTAPfCKWAdgevh,Domino's,2024-08-14,35.29,0
4674,McetHwoRnaeJLbFYLAbTAPfCKWAdgevh,FloatMe,2024-01-09,2.99,1
4675,McetHwoRnaeJLbFYLAbTAPfCKWAdgevh,FloatMe,2024-02-06,2.99,1
4693,McetHwoRnaeJLbFYLAbTAPfCKWAdgevh,FloatMe,2024-11-29,24.0,1
4711,McetHwoRnaeJLbFYLAbTAPfCKWAdgevh,Gerald,2023-09-05,9.99,1
4714,McetHwoRnaeJLbFYLAbTAPfCKWAdgevh,Gerald,2023-12-27,9.99,1
4716,McetHwoRnaeJLbFYLAbTAPfCKWAdgevh,Gerald,2024-02-12,9.99,1
4723,McetHwoRnaeJLbFYLAbTAPfCKWAdgevh,Gerald,2024-03-18,9.99,1
4729,McetHwoRnaeJLbFYLAbTAPfCKWAdgevh,Gerald,2024-04-16,9.99,1
4969,McetHwoRnaeJLbFYLAbTAPfCKWAdgevh,Microsoft Xbox,2024-05-31,18.31,1
4970,McetHwoRnaeJLbFYLAbTAPfCKWAdgevh,Microsoft Xbox,2024-06-25,18.31,1
4971,McetHwoRnaeJLbFYLAbTAPfCKWAdgevh,Microsoft Xbox,2024-08-09,18.31,1
4972,McetHwoRnaeJLbFYLAbTAPfCKWAdgevh,Microsoft Xbox,2024-09-03,18.31,1
5031,McetHwoRnaeJLbFYLAbTAPfCKWAdgevh,Nexus Mods Exeter,2023-08-23,6.37,1
5032,McetHwoRnaeJLbFYLAbTAPfCKWAdgevh,Nexus Mods Exeter,2023-09-25,6.17,1
5033,McetHwoRnaeJLbFYLAbTAPfCKWAdgevh,Nexus Mods Exeter,2023-10-30,6.07,1
5034,McetHwoRnaeJLbFYLAbTAPfCKWAdgevh,Nexus Mods Exeter,2023-11-30,6.35,1
5035,McetHwoRnaeJLbFYLAbTAPfCKWAdgevh,Nexus Mods Exeter,2024-01-02,6.4,1
5036,McetHwoRnaeJLbFYLAbTAPfCKWAdgevh,Nexus Mods Exeter,2024-01-23,6.35,1
5037,McetHwoRnaeJLbFYLAbTAPfCKWAdgevh,Nexus Mods Exeter,2024-02-23,6.31,1
5038,McetHwoRnaeJLbFYLAbTAPfCKWAdgevh,Nexus Mods Exeter,2024-03-25,6.39,1
5039,McetHwoRnaeJLbFYLAbTAPfCKWAdgevh,Nexus Mods Exeter,2024-04-23,6.22,1
5040,McetHwoRnaeJLbFYLAbTAPfCKWAdgevh,Nexus Mods Exeter,2024-05-30,6.39,1
5041,McetHwoRnaeJLbFYLAbTAPfCKWAdgevh,Nexus Mods Exeter,2024-06-24,9.12,1
5042,McetHwoRnaeJLbFYLAbTAPfCKWAdgevh,Nexus Mods Exeter,2024-07-23,9.32,1
5043,McetHwoRnaeJLbFYLAbTAPfCKWAdgevh,Nexusmods,2025-01-28,8.99,1
5071,McetHwoRnaeJLbFYLAbTAPfCKWAdgevh,Patreon,2024-12-16,10.0,1
5072,McetHwoRnaeJLbFYLAbTAPfCKWAdgevh,Patreon,2024-12-16,15.0,1
5209,McetHwoRnaeJLbFYLAbTAPfCKWAdgevh,Sony Playstation,2024-08-19,9.99,1
5215,McetHwoRnaeJLbFYLAbTAPfCKWAdgevh,Sony Playstation,2024-09-16,9.99,1
5229,McetHwoRnaeJLbFYLAbTAPfCKWAdgevh,Spotify,2023-08-14,9.99,1
5291,McetHwoRnaeJLbFYLAbTAPfCKWAdgevh,T-Mobile,2023-08-21,366.14,1
5293,McetHwoRnaeJLbFYLAbTAPfCKWAdgevh,T-Mobile,2023-09-11,133.25,1
5294,McetHwoRnaeJLbFYLAbTAPfCKWAdgevh,T-Mobile,2023-09-18,6.95,1
5297,McetHwoRnaeJLbFYLAbTAPfCKWAdgevh,T-Mobile,2023-10-17,236.53,1
5298,McetHwoRnaeJLbFYLAbTAPfCKWAdgevh,T-Mobile,2023-11-03,126.3,1
5300,McetHwoRnaeJLbFYLAbTAPfCKWAdgevh,T-Mobile,2023-11-28,324.04,1
5302,McetHwoRnaeJLbFYLAbTAPfCKWAdgevh,T-Mobile,2023-12-18,496.51,1
5303,McetHwoRnaeJLbFYLAbTAPfCKWAdgevh,T-Mobile,2024-02-05,156.75,1
5304,McetHwoRnaeJLbFYLAbTAPfCKWAdgevh,T-Mobile,2024-02-20,156.74,1
5305,McetHwoRnaeJLbFYLAbTAPfCKWAdgevh,T-Mobile,2024-03-05,171.04,1
5306,McetHwoRnaeJLbFYLAbTAPfCKWAdgevh,T-Mobile,2024-03-18,42.81,1
5307,McetHwoRnaeJLbFYLAbTAPfCKWAdgevh,T-Mobile,2024-04-03,128.22,1
5308,McetHwoRnaeJLbFYLAbTAPfCKWAdgevh,T-Mobile,2024-04-15,343.93,1
5309,McetHwoRnaeJLbFYLAbTAPfCKWAdgevh,T-Mobile,2024-05-20,30.15,1
5310,McetHwoRnaeJLbFYLAbTAPfCKWAdgevh,T-Mobile,2024-05-20,180.0,1
5313,McetHwoRnaeJLbFYLAbTAPfCKWAdgevh,T-Mobile,2024-07-08,105.94,1
5314,McetHwoRnaeJLbFYLAbTAPfCKWAdgevh,T-Mobile,2024-07-22,381.67,1
5380,McetHwoRnaeJLbFYLAbTAPfCKWAdgevh,Verizon,2024-07-19,72.62,1
5381,McetHwoRnaeJLbFYLAbTAPfCKWAdgevh,Verizon,2024-08-19,177.43,1
5382,McetHwoRnaeJLbFYLAbTAPfCKWAdgevh,Verizon,2024-09-18,104.23,1
5383,McetHwoRnaeJLbFYLAbTAPfCKWAdgevh,Verizon,2024-10-18,100.0,1
5384,McetHwoRnaeJLbFYLAbTAPfCKWAdgevh,Verizon,2024-11-25,88.57,1
5385,McetHwoRnaeJLbFYLAbTAPfCKWAdgevh,Verizon,2024-12-16,142.22,1
5386,McetHwoRnaeJLbFYLAbTAPfCKWAdgevh,Verizon,2025-01-21,164.61,1
5447,QFjGXqKHwdsLSAXaTjOfKRIaOxIQwYmL,Amazon,2024-10-25,6.99,1
5448,QFjGXqKHwdsLSAXaTjOfKRIaOxIQwYmL,Amazon,2024-11-24,6.99,1
5567,QFjGXqKHwdsLSAXaTjOfKRIaOxIQwYmL,Cleo AI,2024-09-26,14.99,1
5576,QFjGXqKHwdsLSAXaTjOfKRIaOxIQwYmL,Cleo AI,2024-10-31,14.99,1
5578,QFjGXqKHwdsLSAXaTjOfKRIaOxIQwYmL,Cleo AI,2024-11-29,14.99,1
5579,QFjGXqKHwdsLSAXaTjOfKRIaOxIQwYmL,Cleo AI,2024-12-26,14.99,1
5581,QFjGXqKHwdsLSAXaTjOfKRIaOxIQwYmL,Cleo AI,2025-01-30,14.99,1
5588,QFjGXqKHwdsLSAXaTjOfKRIaOxIQwYmL,Coca-Cola,2024-06-12,0.5,0
5590,QFjGXqKHwdsLSAXaTjOfKRIaOxIQwYmL,Coca-Cola,2024-08-10,0.5,0
5598,QFjGXqKHwdsLSAXaTjOfKRIaOxIQwYmL,Coca-Cola,2024-10-17,1.78,0
5599,QFjGXqKHwdsLSAXaTjOfKRIaOxIQwYmL,Coca-Cola,2024-10-24,1.78,0
5600,QFjGXqKHwdsLSAXaTjOfKRIaOxIQwYmL,Coca-Cola,2024-11-06,1.62,0
5601,QFjGXqKHwdsLSAXaTjOfKRIaOxIQwYmL,Coca-Cola,2024-11-07,1.08,0
5603,QFjGXqKHwdsLSAXaTjOfKRIaOxIQwYmL,Coca-Cola,2024-11-20,1.08,0
5608,QFjGXqKHwdsLSAXaTjOfKRIaOxIQwYmL,Coca-Cola,2024-12-17,1.62,0
5777,QFjGXqKHwdsLSAXaTjOfKRIaOxIQwYmL,Hugo Insurance,2024-08-16,48.45,1
5778,QFjGXqKHwdsLSAXaTjOfKRIaOxIQwYmL,Hugo Insurance,2024-08-19,10.47,1
5785,QFjGXqKHwdsLSAXaTjOfKRIaOxIQwYmL,Hugo Insurance,2024-09-15,0.66,1
5786,QFjGXqKHwdsLSAXaTjOfKRIaOxIQwYmL,Hugo Insurance,2024-09-15,34.14,1
5793,QFjGXqKHwdsLSAXaTjOfKRIaOxIQwYmL,Hugo Insurance,2024-11-04,35.79,1
5835,QFjGXqKHwdsLSAXaTjOfKRIaOxIQwYmL,Kroger Fuel,2024-08-18,20.0,0
5839,QFjGXqKHwdsLSAXaTjOfKRIaOxIQwYmL,Kroger Fuel,2024-10-03,20.0,0
5840,QFjGXqKHwdsLSAXaTjOfKRIaOxIQwYmL,Kroger Fuel,2024-10-08,20.0,0
5841,QFjGXqKHwdsLSAXaTjOfKRIaOxIQwYmL,Kroger Fuel,2024-10-12,20.0,0
5842,QFjGXqKHwdsLSAXaTjOfKRIaOxIQwYmL,Kroger Fuel,2024-10-13,20.0,0
5844,QFjGXqKHwdsLSAXaTjOfKRIaOxIQwYmL,Kroger Fuel,2024-11-17,20.0,0
5921,QFjGXqKHwdsLSAXaTjOfKRIaOxIQwYmL,Netflix,2024-11-15,6.99,1
5922,QFjGXqKHwdsLSAXaTjOfKRIaOxIQwYmL,Netflix,2024-12-15,6.99,1
5923,QFjGXqKHwdsLSAXaTjOfKRIaOxIQwYmL,Netflix,2025-01-15,6.99,1
5924,QFjGXqKHwdsLSAXaTjOfKRIaOxIQwYmL,Noahs Ark Christian Aca,2024-08-10,170.0,1
5925,QFjGXqKHwdsLSAXaTjOfKRIaOxIQwYmL,Noahs Ark Christian Aca,2024-08-21,130.0,1
6375,QFjGXqKHwdsLSAXaTjOfKRIaOxIQwYmL,QuikTrip,2024-03-03,15.0,0
6381,QFjGXqKHwdsLSAXaTjOfKRIaOxIQwYmL,QuikTrip,2024-09-13,15.0,0
6391,QFjGXqKHwdsLSAXaTjOfKRIaOxIQwYmL,QuikTrip,2024-11-16,15.0,0
6394,QFjGXqKHwdsLSAXaTjOfKRIaOxIQwYmL,QuikTrip,2024-11-24,15.0,0
6404,QFjGXqKHwdsLSAXaTjOfKRIaOxIQwYmL,R R Superette Ci,2023-12-26,10.0,0
6407,QFjGXqKHwdsLSAXaTjOfKRIaOxIQwYmL,R R Superette Ci,2024-08-07,12.0,0
6412,QFjGXqKHwdsLSAXaTjOfKRIaOxIQwYmL,R R Superette Ci,2024-09-01,12.0,0
6414,QFjGXqKHwdsLSAXaTjOfKRIaOxIQwYmL,R R Superette Ci,2024-09-26,12.0,0
6416,QFjGXqKHwdsLSAXaTjOfKRIaOxIQwYmL,R R Superette Ci,2024-10-18,10.0,0
6418,QFjGXqKHwdsLSAXaTjOfKRIaOxIQwYmL,R R Superette Ci,2024-11-02,12.0,0
6423,QFjGXqKHwdsLSAXaTjOfKRIaOxIQwYmL,R R Superette Ci,2024-11-12,4.14,0
6425,QFjGXqKHwdsLSAXaTjOfKRIaOxIQwYmL,R R Superette Ci,2024-12-07,3.49,0
6426,QFjGXqKHwdsLSAXaTjOfKRIaOxIQwYmL,R R Superette Ci,2024-12-15,4.14,0
6428,QFjGXqKHwdsLSAXaTjOfKRIaOxIQwYmL,R R Superette Ci,2025-01-25,3.49,0
6517,QFjGXqKHwdsLSAXaTjOfKRIaOxIQwYmL,Sunrise Acceptance Inc,2024-09-22,153.65,1
6523,QFjGXqKHwdsLSAXaTjOfKRIaOxIQwYmL,Sunrise Acceptance Inc,2024-11-07,153.65,1
6524,QFjGXqKHwdsLSAXaTjOfKRIaOxIQwYmL,Sunrise Acceptance Inc,2024-11-08,35.95,1
6532,QFjGXqKHwdsLSAXaTjOfKRIaOxIQwYmL,Sunrise Acceptance Inc,2025-01-26,157.6,1
6533,QFjGXqKHwdsLSAXaTjOfKRIaOxIQwYmL,Sunrise Acceptance Inc,2025-01-29,35.95,1
6566,QFjGXqKHwdsLSAXaTjOfKRIaOxIQwYmL,Verizon,2024-08-16,118.06,1
6567,QFjGXqKHwdsLSAXaTjOfKRIaOxIQwYmL,Verizon,2024-09-07,67.0,1
6568,QFjGXqKHwdsLSAXaTjOfKRIaOxIQwYmL,Verizon,2024-11-07,174.0,1
6643,QFjGXqKHwdsLSAXaTjOfKRIaOxIQwYmL,Withhugo,2025-01-07,35.7,0
6644,QFjGXqKHwdsLSAXaTjOfKRIaOxIQwYmL,Withhugo,2025-01-11,35.7,0
6645,QFjGXqKHwdsLSAXaTjOfKRIaOxIQwYmL,Withhugo,2025-01-15,35.7,0
6646,QFjGXqKHwdsLSAXaTjOfKRIaOxIQwYmL,Withhugo,2025-01-19,35.7,0
6647,QFjGXqKHwdsLSAXaTjOfKRIaOxIQwYmL,Withhugo,2025-01-26,35.7,0
6648,QFjGXqKHwdsLSAXaTjOfKRIaOxIQwYmL,Withhugo,2025-01-29,35.7,0
6649,QFjGXqKHwdsLSAXaTjOfKRIaOxIQwYmL,Withhugo,2025-02-01,35.7,0
6758,UOGHBLSBptKnjdpcyQntiDabfLzVsWxK,AAA Insurance,2023-06-18,172.86,1
6759,UOGHBLSBptKnjdpcyQntiDabfLzVsWxK,AAA Insurance,2023-07-19,174.1,1
6760,UOGHBLSBptKnjdpcyQntiDabfLzVsWxK,AAA Insurance,2023-08-19,174.18,1
6761,UOGHBLSBptKnjdpcyQntiDabfLzVsWxK,AAA Insurance,2023-11-18,255.0,1
6762,UOGHBLSBptKnjdpcyQntiDabfLzVsWxK,AAA Insurance,2023-11-19,93.36,1
6763,UOGHBLSBptKnjdpcyQntiDabfLzVsWxK,AAA Insurance,2023-11-24,93.36,1
6764,UOGHBLSBptKnjdpcyQntiDabfLzVsWxK,AAA Insurance,2024-01-19,426.18,1
6765,UOGHBLSBptKnjdpcyQntiDabfLzVsWxK,AAA Membership,2023-06-18,54.99,1
6766,UOGHBLSBptKnjdpcyQntiDabfLzVsWxK,AAA Membership,2024-07-01,64.99,1
6815,UOGHBLSBptKnjdpcyQntiDabfLzVsWxK,Albert,2024-09-21,14.99,1
6820,UOGHBLSBptKnjdpcyQntiDabfLzVsWxK,Albert,2024-10-22,14.99,1
6859,UOGHBLSBptKnjdpcyQntiDabfLzVsWxK,Amazon Prime,2023-06-03,153.25,1
6860,UOGHBLSBptKnjdpcyQntiDabfLzVsWxK,Amazon Prime,2024-05-22,153.25,1
6862,UOGHBLSBptKnjdpcyQntiDabfLzVsWxK,Amazon Prime Video,2022-10-21,8.99,1
6864,UOGHBLSBptKnjdpcyQntiDabfLzVsWxK,Amazon Prime Video,2022-11-21,8.99,1
6870,UOGHBLSBptKnjdpcyQntiDabfLzVsWxK,Amazon Prime Video,2022-12-21,8.99,1
6874,UOGHBLSBptKnjdpcyQntiDabfLzVsWxK,Amazon Prime Video,2023-01-21,8.99,1
6886,UOGHBLSBptKnjdpcyQntiDabfLzVsWxK,Amazon Prime Video,2023-03-21,8.99,1
6889,UOGHBLSBptKnjdpcyQntiDabfLzVsWxK,Amazon Prime Video,2023-04-21,8.99,1
6905,UOGHBLSBptKnjdpcyQntiDabfLzVsWxK,Amazon Prime Video,2023-12-17,1.99,1
6907,UOGHBLSBptKnjdpcyQntiDabfLzVsWxK,Amazon Prime Video,2023-12-29,1.99,1
6970,UOGHBLSBptKnjdpcyQntiDabfLzVsWxK,Apple,2022-11-21,2.99,0
6974,UOGHBLSBptKnjdpcyQntiDabfLzVsWxK,Apple,2022-11-30,16.99,1
6981,UOGHBLSBptKnjdpcyQntiDabfLzVsWxK,Apple,2022-12-04,2.99,0
6982,UOGHBLSBptKnjdpcyQntiDabfLzVsWxK,Apple,2022-12-07,6.99,0
6990,UOGHBLSBptKnjdpcyQntiDabfLzVsWxK,Apple,2023-03-29,16.99,1
6996,UOGHBLSBptKnjdpcyQntiDabfLzVsWxK,Apple,2023-04-29,16.99,1
7002,UOGHBLSBptKnjdpcyQntiDabfLzVsWxK,Apple,2023-05-29,16.99,1
7006,UOGHBLSBptKnjdpcyQntiDabfLzVsWxK,Apple,2023-06-30,16.99,1
7011,UOGHBLSBptKnjdpcyQntiDabfLzVsWxK,Apple,2023-07-29,16.99,1
7029,UOGHBLSBptKnjdpcyQntiDabfLzVsWxK,Apple,2023-08-29,16.99,1
7034,UOGHBLSBptKnjdpcyQntiDabfLzVsWxK,Apple,2023-09-29,16.99,1
7038,UOGHBLSBptKnjdpcyQntiDabfLzVsWxK,Apple,2023-10-29,16.99,1
7043,UOGHBLSBptKnjdpcyQntiDabfLzVsWxK,Apple,2023-11-29,16.99,1
7049,UOGHBLSBptKnjdpcyQntiDabfLzVsWxK,Apple,2023-12-29,16.99,1
7054,UOGHBLSBptKnjdpcyQntiDabfLzVsWxK,Apple,2024-02-01,16.99,1
7061,UOGHBLSBptKnjdpcyQntiDabfLzVsWxK,Apple,2024-05-02,16.99,1
7064,UOGHBLSBptKnjdpcyQntiDabfLzVsWxK,Apple,2024-05-28,6.99,0
7065,UOGHBLSBptKnjdpcyQntiDabfLzVsWxK,Apple,2024-05-30,16.99,1
7067,UOGHBLSBptKnjdpcyQntiDabfLzVsWxK,Apple,2024-06-12,6.99,0
7072,UOGHBLSBptKnjdpcyQntiDabfLzVsWxK,Apple,2024-08-01,16.99,1
7140,UOGHBLSBptKnjdpcyQntiDabfLzVsWxK,Brigit,2024-08-28,81.99,0
7141,UOGHBLSBptKnjdpcyQntiDabfLzVsWxK,Brigit,2024-09-18,81.99,0
7143,UOGHBLSBptKnjdpcyQntiDabfLzVsWxK,Brigit,2024-10-02,81.99,0
7144,UOGHBLSBptKnjdpcyQntiDabfLzVsWxK,Brigit,2024-10-09,81.99,0
7145,UOGHBLSBptKnjdpcyQntiDabfLzVsWxK,Brigit,2024-10-23,81.99,0
7190,UOGHBLSBptKnjdpcyQntiDabfLzVsWxK,CVS ExtraCare,2024-01-12,5.0,1
7302,UOGHBLSBptKnjdpcyQntiDabfLzVsWxK,Cleo AI,2024-10-06,5.99,1
7304,UOGHBLSBptKnjdpcyQntiDabfLzVsWxK,Cleo AI,2024-10-22,5.99,1
7363,UOGHBLSBptKnjdpcyQntiDabfLzVsWxK,Dave,2024-08-05,1.0,1
7367,UOGHBLSBptKnjdpcyQntiDabfLzVsWxK,Dave,2024-09-05,1.0,1
7374,UOGHBLSBptKnjdpcyQntiDabfLzVsWxK,Dave,2024-10-06,1.0,1
7393,UOGHBLSBptKnjdpcyQntiDabfLzVsWxK,Disney+,2023-01-12,14.99,1
7394,UOGHBLSBptKnjdpcyQntiDabfLzVsWxK,Disney+,2023-02-18,14.99,1
7966,UOGHBLSBptKnjdpcyQntiDabfLzVsWxK,Netflix,2022-10-17,19.99,0
8097,UOGHBLSBptKnjdpcyQntiDabfLzVsWxK,Planet Fitness,2023-03-01,39.12,1
8110,UOGHBLSBptKnjdpcyQntiDabfLzVsWxK,Planet Fitness,2024-03-01,39.12,1
8274,UOGHBLSBptKnjdpcyQntiDabfLzVsWxK,Sony Playstation,2024-02-24,9.99,1
8378,UOGHBLSBptKnjdpcyQntiDabfLzVsWxK,T-Mobile,2024-02-25,251.47,1
8379,UOGHBLSBptKnjdpcyQntiDabfLzVsWxK,T-Mobile,2024-02-28,251.46,1
8469,UOGHBLSBptKnjdpcyQntiDabfLzVsWxK,Tmobilepostpaid Fdp,2022-12-02,231.15,1
8470,UOGHBLSBptKnjdpcyQntiDabfLzVsWxK,Tmobilepostpaid Fdp,2022-12-27,125.9,1
8471,UOGHBLSBptKnjdpcyQntiDabfLzVsWxK,Tmobilepostpaid Fdp,2023-04-14,222.95,1
8472,UOGHBLSBptKnjdpcyQntiDabfLzVsWxK,Tmobilepostpaid Fdp,2023-04-21,222.95,1
8473,UOGHBLSBptKnjdpcyQntiDabfLzVsWxK,Tmobilepostpaid Fdp,2023-05-12,226.13,1
8474,UOGHBLSBptKnjdpcyQntiDabfLzVsWxK,Tmobilepostpaid Fdp,2023-05-26,226.14,1
8475,UOGHBLSBptKnjdpcyQntiDabfLzVsWxK,Tmobilepostpaid Fdp,2023-06-16,151.13,1
8476,UOGHBLSBptKnjdpcyQntiDabfLzVsWxK,Tmobilepostpaid Fdp,2023-06-23,151.13,1
8477,UOGHBLSBptKnjdpcyQntiDabfLzVsWxK,Tmobilepostpaid Fdp,2023-08-21,266.87,1
8478,UOGHBLSBptKnjdpcyQntiDabfLzVsWxK,Tmobilepostpaid Fdp,2023-08-28,266.87,1
8479,UOGHBLSBptKnjdpcyQntiDabfLzVsWxK,Tmobilepostpaid Fdp,2023-09-14,244.84,1
8480,UOGHBLSBptKnjdpcyQntiDabfLzVsWxK,Tmobilepostpaid Fdp,2023-09-21,244.84,1
8481,UOGHBLSBptKnjdpcyQntiDabfLzVsWxK,Tmobilepostpaid Pda,2022-09-30,398.85,1
8482,UOGHBLSBptKnjdpcyQntiDabfLzVsWxK,Tmobilepostpaid Pda,2022-11-10,379.43,1
8483,UOGHBLSBptKnjdpcyQntiDabfLzVsWxK,Tmobilepostpaid Pda,2023-05-23,150.0,1
8484,UOGHBLSBptKnjdpcyQntiDabfLzVsWxK,Tmobilepostpaid Pda,2024-08-23,293.8,1
8485,UOGHBLSBptKnjdpcyQntiDabfLzVsWxK,Tmobilepostpaid Tel,2023-01-03,300.0,1
8486,UOGHBLSBptKnjdpcyQntiDabfLzVsWxK,Tmobilepostpaid Tel,2024-10-02,120.0,1
8488,UOGHBLSBptKnjdpcyQntiDabfLzVsWxK,TouchTunes,2023-01-28,7.0,1
8489,UOGHBLSBptKnjdpcyQntiDabfLzVsWxK,TouchTunes,2023-02-28,7.0,1
8640,UOGHBLSBptKnjdpcyQntiDabfLzVsWxK,YourScoreAndMore,2024-10-19,0.5,1
8687,UoMYTXsjkUIaHkzofLsMgNCgRwgpOumi,Amazon Prime,2023-06-16,16.23,0
8726,UoMYTXsjkUIaHkzofLsMgNCgRwgpOumi,Cars And Credit Ma,2023-07-10,627.95,1
8727,UoMYTXsjkUIaHkzofLsMgNCgRwgpOumi,Cars And Credit Ma,2023-07-21,460.11,1
8728,UoMYTXsjkUIaHkzofLsMgNCgRwgpOumi,Cars And Credit Ma,2023-08-14,451.16,1
8729,UoMYTXsjkUIaHkzofLsMgNCgRwgpOumi,Cars And Credit Ma,2023-08-28,460.11,1
8730,UoMYTXsjkUIaHkzofLsMgNCgRwgpOumi,Cars And Credit Ma,2023-09-20,468.77,1
8731,UoMYTXsjkUIaHkzofLsMgNCgRwgpOumi,Cars And Credit Ma,2023-09-28,451.16,1
8732,UoMYTXsjkUIaHkzofLsMgNCgRwgpOumi,Cars And Credit Ma,2023-10-16,451.16,1
8733,UoMYTXsjkUIaHkzofLsMgNCgRwgpOumi,Ccm Finance LLC,2023-11-06,474.72,1
8734,UoMYTXsjkUIaHkzofLsMgNCgRwgpOumi,Ccm Finance LLC,2023-11-16,460.11,1
8735,UoMYTXsjkUIaHkzofLsMgNCgRwgpOumi,Ccm Finance LLC,2023-12-15,928.88,1
8736,UoMYTXsjkUIaHkzofLsMgNCgRwgpOumi,Ccm Finance LLC,2024-01-12,928.88,1
8737,UoMYTXsjkUIaHkzofLsMgNCgRwgpOumi,Ccm Finance LLC,2024-02-05,468.77,1
8835,UoMYTXsjkUIaHkzofLsMgNCgRwgpOumi,Earnin,2024-03-15,100.0,1
8968,UoMYTXsjkUIaHkzofLsMgNCgRwgpOumi,Possible Finance,2024-04-26,140.62,1
8969,UoMYTXsjkUIaHkzofLsMgNCgRwgpOumi,Possible Finance,2024-05-10,140.62,1
8970,UoMYTXsjkUIaHkzofLsMgNCgRwgpOumi,Possible Finance,2024-06-07,140.62,1
8971,UoMYTXsjkUIaHkzofLsMgNCgRwgpOumi,Possible Finance,2024-06-21,140.64,1
9049,UoMYTXsjkUIaHkzofLsMgNCgRwgpOumi,T-Mobile,2023-05-15,122.33,1
9050,UoMYTXsjkUIaHkzofLsMgNCgRwgpOumi,T-Mobile,2023-05-26,94.26,1
9051,UoMYTXsjkUIaHkzofLsMgNCgRwgpOumi,T-Mobile,2023-06-20,240.1,1
9052,UoMYTXsjkUIaHkzofLsMgNCgRwgpOumi,T-Mobile,2023-08-07,204.35,1
9053,UoMYTXsjkUIaHkzofLsMgNCgRwgpOumi,T-Mobile,2023-09-05,109.67,1
9054,UoMYTXsjkUIaHkzofLsMgNCgRwgpOumi,T-Mobile,2023-09-18,109.68,1
9055,UoMYTXsjkUIaHkzofLsMgNCgRwgpOumi,T-Mobile,2023-10-03,184.93,1
9056,UoMYTXsjkUIaHkzofLsMgNCgRwgpOumi,T-Mobile,2023-10-17,184.93,1
9057,UoMYTXsjkUIaHkzofLsMgNCgRwgpOumi,T-Mobile,2023-11-15,389.11,1
9058,UoMYTXsjkUIaHkzofLsMgNCgRwgpOumi,T-Mobile,2023-11-30,320.98,1
9059,UoMYTXsjkUIaHkzofLsMgNCgRwgpOumi,T-Mobile,2024-01-02,160.99,1
9060,UoMYTXsjkUIaHkzofLsMgNCgRwgpOumi,T-Mobile,2024-01-16,160.99,1
9061,UoMYTXsjkUIaHkzofLsMgNCgRwgpOumi,T-Mobile,2024-01-31,155.87,1
9062,UoMYTXsjkUIaHkzofLsMgNCgRwgpOumi,T-Mobile,2024-02-14,155.86,1
9063,UoMYTXsjkUIaHkzofLsMgNCgRwgpOumi,T-Mobile,2024-03-06,159.63,1
9064,UoMYTXsjkUIaHkzofLsMgNCgRwgpOumi,T-Mobile,2024-03-20,159.64,1
9065,UoMYTXsjkUIaHkzofLsMgNCgRwgpOumi,T-Mobile,2024-04-05,159.76,1
9066,UoMYTXsjkUIaHkzofLsMgNCgRwgpOumi,T-Mobile,2024-04-22,159.76,1
9067,UoMYTXsjkUIaHkzofLsMgNCgRwgpOumi,T-Mobile,2024-05-06,159.67,1
9068,UoMYTXsjkUIaHkzofLsMgNCgRwgpOumi,T-Mobile,2024-05-20,159.67,1
9069,UoMYTXsjkUIaHkzofLsMgNCgRwgpOumi,T-Mobile,2024-06-11,159.65,1
9070,UoMYTXsjkUIaHkzofLsMgNCgRwgpOumi,T-Mobile,2024-07-09,156.96,1
9099,UoMYTXsjkUIaHkzofLsMgNCgRwgpOumi,Trupanion For Chew,2024-02-20,20.0,1
9100,UoMYTXsjkUIaHkzofLsMgNCgRwgpOumi,Trupanion For Chew,2024-02-20,21.59,1
9101,UoMYTXsjkUIaHkzofLsMgNCgRwgpOumi,Trupanion For Chew,2024-03-18,20.0,1
9102,UoMYTXsjkUIaHkzofLsMgNCgRwgpOumi,Trupanion For Chew,2024-03-18,21.59,1
9103,UoMYTXsjkUIaHkzofLsMgNCgRwgpOumi,Trupanion For Chew,2024-05-01,41.59,1
9104,UoMYTXsjkUIaHkzofLsMgNCgRwgpOumi,Trupanion For Chew,2024-05-20,20.0,1
9105,UoMYTXsjkUIaHkzofLsMgNCgRwgpOumi,Trupanion For Chew,2024-05-20,21.59,1
9344,hwQvyXQiqCychfJDbFMixWsTYeBzKKuK,Albert,2024-12-25,5.99,1
9349,hwQvyXQiqCychfJDbFMixWsTYeBzKKuK,Albert,2025-01-29,5.99,1
9359,hwQvyXQiqCychfJDbFMixWsTYeBzKKuK,Amazon,2023-10-06,16.25,0
9450,hwQvyXQiqCychfJDbFMixWsTYeBzKKuK,Beem,2023-12-04,4.94,1
9460,hwQvyXQiqCychfJDbFMixWsTYeBzKKuK,Beem,2024-02-12,2.47,1
9467,hwQvyXQiqCychfJDbFMixWsTYeBzKKuK,Beem,2024-04-09,2.47,1
9472,hwQvyXQiqCychfJDbFMixWsTYeBzKKuK,Beem,2024-06-03,4.94,1
9481,hwQvyXQiqCychfJDbFMixWsTYeBzKKuK,Beem,2024-08-10,2.47,1
9488,hwQvyXQiqCychfJDbFMixWsTYeBzKKuK,Beem,2024-10-23,2.47,1
9489,hwQvyXQiqCychfJDbFMixWsTYeBzKKuK,Beem,2024-11-24,2.47,1
9568,hwQvyXQiqCychfJDbFMixWsTYeBzKKuK,Cleo AI,2025-01-31,5.99,1
9829,hwQvyXQiqCychfJDbFMixWsTYeBzKKuK,FloatMe,2024-01-25,2.99,1
10120,hwQvyXQiqCychfJDbFMixWsTYeBzKKuK,Nfhsntwrk,2024-01-13,11.99,1
10121,hwQvyXQiqCychfJDbFMixWsTYeBzKKuK,Nfhsntwrk,2024-02-13,0.99,1
10122,hwQvyXQiqCychfJDbFMixWsTYeBzKKuK,Nfhsntwrk,2024-03-13,11.99,1
10918,hwQvyXQiqCychfJDbFMixWsTYeBzKKuK,Zip.co,2024-04-13,9.75,0
10930,hwQvyXQiqCychfJDbFMixWsTYeBzKKuK,Zip.co,2024-04-27,9.75,0
10978,hwQvyXQiqCychfJDbFMixWsTYeBzKKuK,Zip.co,2024-07-03,9.75,0
10979,hwQvyXQiqCychfJDbFMixWsTYeBzKKuK,Zip.co,2024-07-04,9.75,0
10986,hwQvyXQiqCychfJDbFMixWsTYeBzKKuK,Zip.co,2024-07-16,9.75,0
11079,hwQvyXQiqCychfJDbFMixWsTYeBzKKuK,Zip.co,2024-10-12,9.75,0
11120,hwQvyXQiqCychfJDbFMixWsTYeBzKKuK,Zip.co,2024-11-28,9.75,0
11160,hwQvyXQiqCychfJDbFMixWsTYeBzKKuK,Zip.co,2024-12-26,9.75,0
11192,hwQvyXQiqCychfJDbFMixWsTYeBzKKuK,Zip.co,2025-01-18,9.75,0
11217,hwQvyXQiqCychfJDbFMixWsTYeBzKKuK,Ziponline,2024-06-06,9.75,1
11388,lDRRrwSXivpvpZYDcuRSqFdmCssGYkzB,AT&T,2022-10-13,293.62,1
11389,lDRRrwSXivpvpZYDcuRSqFdmCssGYkzB,AT&T,2022-11-14,216.13,1
11390,lDRRrwSXivpvpZYDcuRSqFdmCssGYkzB,AT&T,2023-02-03,422.82,1
11391,lDRRrwSXivpvpZYDcuRSqFdmCssGYkzB,AT&T,2023-03-07,211.71,1
11392,lDRRrwSXivpvpZYDcuRSqFdmCssGYkzB,AT&T,2023-04-06,213.51,1
11393,lDRRrwSXivpvpZYDcuRSqFdmCssGYkzB,AT&T,2023-05-09,150.0,1
11394,lDRRrwSXivpvpZYDcuRSqFdmCssGYkzB,AT&T,2023-05-18,278.57,1
11395,lDRRrwSXivpvpZYDcuRSqFdmCssGYkzB,AT&T,2023-07-27,150.0,1
11396,lDRRrwSXivpvpZYDcuRSqFdmCssGYkzB,AT&T,2023-08-08,100.0,1
11397,lDRRrwSXivpvpZYDcuRSqFdmCssGYkzB,AT&T,2023-08-15,240.42,1
11398,lDRRrwSXivpvpZYDcuRSqFdmCssGYkzB,AT&T,2023-08-22,100.0,1
11399,lDRRrwSXivpvpZYDcuRSqFdmCssGYkzB,AT&T,2023-09-11,128.07,1
11400,lDRRrwSXivpvpZYDcuRSqFdmCssGYkzB,AT&T,2023-09-22,100.0,1
11401,lDRRrwSXivpvpZYDcuRSqFdmCssGYkzB,AT&T,2023-10-06,200.0,1
11402,lDRRrwSXivpvpZYDcuRSqFdmCssGYkzB,AT&T,2023-10-17,100.0,1
11403,lDRRrwSXivpvpZYDcuRSqFdmCssGYkzB,AT&T,2023-10-31,150.0,1
11404,lDRRrwSXivpvpZYDcuRSqFdmCssGYkzB,AT&T,2023-11-14,75.0,1
11405,lDRRrwSXivpvpZYDcuRSqFdmCssGYkzB,AT&T,2023-12-18,40.0,1
11406,lDRRrwSXivpvpZYDcuRSqFdmCssGYkzB,AT&T,2023-12-26,75.0,1
11407,lDRRrwSXivpvpZYDcuRSqFdmCssGYkzB,AT&T,2024-01-04,90.0,1
11428,lDRRrwSXivpvpZYDcuRSqFdmCssGYkzB,Acima,2023-02-17,28.28,1
11429,lDRRrwSXivpvpZYDcuRSqFdmCssGYkzB,Affinity Apps,2022-10-18,29.99,1
11430,lDRRrwSXivpvpZYDcuRSqFdmCssGYkzB,Affinity Apps,2022-11-17,29.99,1
11472,lDRRrwSXivpvpZYDcuRSqFdmCssGYkzB,Albert,2025-01-06,16.99,1
11511,lDRRrwSXivpvpZYDcuRSqFdmCssGYkzB,Amazon Prime Video,2024-09-17,7.99,1
11512,lDRRrwSXivpvpZYDcuRSqFdmCssGYkzB,Amazon Prime Video,2024-10-16,7.99,1
11516,lDRRrwSXivpvpZYDcuRSqFdmCssGYkzB,Amazon Prime Video,2024-12-02,2.99,1
11517,lDRRrwSXivpvpZYDcuRSqFdmCssGYkzB,Amazon Prime Video,2025-01-07,2.99,1
11628,lDRRrwSXivpvpZYDcuRSqFdmCssGYkzB,Bba Media,2024-03-12,19.95,0
11637,lDRRrwSXivpvpZYDcuRSqFdmCssGYkzB,Bridgecrest,2022-10-17,631.0,0
11657,lDRRrwSXivpvpZYDcuRSqFdmCssGYkzB,Bridgecrest,2024-01-19,631.9,1
11660,lDRRrwSXivpvpZYDcuRSqFdmCssGYkzB,Bridgecrest,2024-08-19,631.0,0
11673,lDRRrwSXivpvpZYDcuRSqFdmCssGYkzB,Brigit,2024-03-15,106.99,1
11676,lDRRrwSXivpvpZYDcuRSqFdmCssGYkzB,Brigit,2024-04-16,106.99,1
11677,lDRRrwSXivpvpZYDcuRSqFdmCssGYkzB,Brigit,2024-04-26,8.99,0
11695,lDRRrwSXivpvpZYDcuRSqFdmCssGYkzB,CSC Serviceworks,2022-11-08,2.0,0
11696,lDRRrwSXivpvpZYDcuRSqFdmCssGYkzB,CSC Serviceworks,2022-11-15,2.0,0
11697,lDRRrwSXivpvpZYDcuRSqFdmCssGYkzB,CSC Serviceworks,2022-12-13,2.0,0
11698,lDRRrwSXivpvpZYDcuRSqFdmCssGYkzB,CSC Serviceworks,2023-03-07,2.0,0
11725,lDRRrwSXivpvpZYDcuRSqFdmCssGYkzB,CarMax,2024-02-20,350.0,1
11726,lDRRrwSXivpvpZYDcuRSqFdmCssGYkzB,CarMax,2024-10-16,340.0,1
11727,lDRRrwSXivpvpZYDcuRSqFdmCssGYkzB,CarMax,2024-11-22,335.2,1
11729,lDRRrwSXivpvpZYDcuRSqFdmCssGYkzB,CarMax,2025-01-16,5.0,1
11808,lDRRrwSXivpvpZYDcuRSqFdmCssGYkzB,City Sport Sclub-fremont,2023-09-29,44.99,1
11811,lDRRrwSXivpvpZYDcuRSqFdmCssGYkzB,City Sport Sclub-fremont,2024-10-29,49.99,1
11812,lDRRrwSXivpvpZYDcuRSqFdmCssGYkzB,City Sports,2024-11-25,44.99,1
11813,lDRRrwSXivpvpZYDcuRSqFdmCssGYkzB,City Sports,2024-12-24,44.99,1
11814,lDRRrwSXivpvpZYDcuRSqFdmCssGYkzB,City Sports,2025-01-22,44.99,1
11821,lDRRrwSXivpvpZYDcuRSqFdmCssGYkzB,City Sports Club,2023-05-12,39.99,1
11823,lDRRrwSXivpvpZYDcuRSqFdmCssGYkzB,City Sports Club,2023-06-21,39.99,1
11839,lDRRrwSXivpvpZYDcuRSqFdmCssGYkzB,Cleo,2024-09-10,6.99,0
11840,lDRRrwSXivpvpZYDcuRSqFdmCssGYkzB,Cleo,2024-10-02,5.99,1
11841,lDRRrwSXivpvpZYDcuRSqFdmCssGYkzB,Cleo,2024-10-29,6.99,0
11842,lDRRrwSXivpvpZYDcuRSqFdmCssGYkzB,Cleo,2024-10-29,6.99,0
11845,lDRRrwSXivpvpZYDcuRSqFdmCssGYkzB,Cleo,2024-11-13,5.99,1
11846,lDRRrwSXivpvpZYDcuRSqFdmCssGYkzB,Cleo,2024-12-03,5.99,1
11847,lDRRrwSXivpvpZYDcuRSqFdmCssGYkzB,Cleo,2024-12-16,5.99,1
11848,lDRRrwSXivpvpZYDcuRSqFdmCssGYkzB,Cleo,2025-01-03,5.99,1
11850,lDRRrwSXivpvpZYDcuRSqFdmCssGYkzB,Cleo,2025-01-17,40.0,0
11851,lDRRrwSXivpvpZYDcuRSqFdmCssGYkzB,Cleo,2025-01-21,40.0,0
11853,lDRRrwSXivpvpZYDcuRSqFdmCssGYkzB,Cleo,2025-01-31,40.0,0
11863,lDRRrwSXivpvpZYDcuRSqFdmCssGYkzB,Cleo AI,2024-08-26,40.0,0
11865,lDRRrwSXivpvpZYDcuRSqFdmCssGYkzB,Cleo AI,2024-09-23,40.0,0
11866,lDRRrwSXivpvpZYDcuRSqFdmCssGYkzB,Cleo AI,2024-10-07,40.0,0
11867,lDRRrwSXivpvpZYDcuRSqFdmCssGYkzB,Cleo AI,2024-10-15,40.0,0
11870,lDRRrwSXivpvpZYDcuRSqFdmCssGYkzB,Cleo AI,2024-12-30,40.0,0
11871,lDRRrwSXivpvpZYDcuRSqFdmCssGYkzB,Cleo AI,2025-01-03,40.0,0
11872,lDRRrwSXivpvpZYDcuRSqFdmCssGYkzB,Cleo AI,2025-01-06,40.0,0
11938,lDRRrwSXivpvpZYDcuRSqFdmCssGYkzB,Comcast,2022-10-12,67.77,1
11939,lDRRrwSXivpvpZYDcuRSqFdmCssGYkzB,Comcast,2022-11-14,67.77,1
11940,lDRRrwSXivpvpZYDcuRSqFdmCssGYkzB,Comcast,2022-12-13,68.84,1
11941,lDRRrwSXivpvpZYDcuRSqFdmCssGYkzB,Comcast,2023-01-11,68.84,1
11942,lDRRrwSXivpvpZYDcuRSqFdmCssGYkzB,Comcast,2023-02-13,68.85,1
12000,lDRRrwSXivpvpZYDcuRSqFdmCssGYkzB,Credit Genie,2025-01-22,164.99,1
12096,lDRRrwSXivpvpZYDcuRSqFdmCssGYkzB,DoorDash,2024-08-21,9.99,0
12097,lDRRrwSXivpvpZYDcuRSqFdmCssGYkzB,DoorDash,2024-08-27,9.99,0
12117,lDRRrwSXivpvpZYDcuRSqFdmCssGYkzB,DubClub,2024-01-09,24.99,1
12184,lDRRrwSXivpvpZYDcuRSqFdmCssGYkzB,Empower,2024-03-15,8.0,1
12189,lDRRrwSXivpvpZYDcuRSqFdmCssGYkzB,Empower,2024-04-12,8.0,1
12190,lDRRrwSXivpvpZYDcuRSqFdmCssGYkzB,Empower,2024-04-19,8.0,1
12193,lDRRrwSXivpvpZYDcuRSqFdmCssGYkzB,Empower,2024-05-28,8.0,1
12196,lDRRrwSXivpvpZYDcuRSqFdmCssGYkzB,Empower,2024-06-13,8.0,1
12198,lDRRrwSXivpvpZYDcuRSqFdmCssGYkzB,Empower,2024-07-16,8.0,1
12201,lDRRrwSXivpvpZYDcuRSqFdmCssGYkzB,Empower,2024-08-15,8.0,1
12204,lDRRrwSXivpvpZYDcuRSqFdmCssGYkzB,Empower,2024-09-16,8.0,1
12208,lDRRrwSXivpvpZYDcuRSqFdmCssGYkzB,Empower,2024-10-22,8.0,1
12212,lDRRrwSXivpvpZYDcuRSqFdmCssGYkzB,Empower,2024-11-15,8.0,1
12218,lDRRrwSXivpvpZYDcuRSqFdmCssGYkzB,Empower,2024-12-18,8.0,1
12224,lDRRrwSXivpvpZYDcuRSqFdmCssGYkzB,Empower,2025-01-17,8.0,1
12336,lDRRrwSXivpvpZYDcuRSqFdmCssGYkzB,FloatMe,2024-10-16,24.0,1
12337,lDRRrwSXivpvpZYDcuRSqFdmCssGYkzB,FloatMe,2024-10-29,24.0,1
12338,lDRRrwSXivpvpZYDcuRSqFdmCssGYkzB,FloatMe,2024-11-13,24.0,1
12356,lDRRrwSXivpvpZYDcuRSqFdmCssGYkzB,Fubo TV,2022-12-15,69.99,1
12357,lDRRrwSXivpvpZYDcuRSqFdmCssGYkzB,Fubo TV,2023-01-18,69.99,1
12362,lDRRrwSXivpvpZYDcuRSqFdmCssGYkzB,Fubo TV,2023-09-27,98.98,1
12363,lDRRrwSXivpvpZYDcuRSqFdmCssGYkzB,Fubo TV,2023-10-27,15.99,1
12366,lDRRrwSXivpvpZYDcuRSqFdmCssGYkzB,Fubo TV,2025-01-16,94.98,1
12367,lDRRrwSXivpvpZYDcuRSqFdmCssGYkzB,GEICO,2022-10-19,389.7,1
12368,lDRRrwSXivpvpZYDcuRSqFdmCssGYkzB,GEICO,2022-11-29,389.7,1
12391,lDRRrwSXivpvpZYDcuRSqFdmCssGYkzB,Go Car Wash,2023-01-30,10.99,1
12402,lDRRrwSXivpvpZYDcuRSqFdmCssGYkzB,Go Car Wash,2023-05-26,10.99,1
12403,lDRRrwSXivpvpZYDcuRSqFdmCssGYkzB,Go Car Wash,2023-06-13,10.99,1
12404,lDRRrwSXivpvpZYDcuRSqFdmCssGYkzB,Go Car Wash,2023-06-20,10.99,1
12405,lDRRrwSXivpvpZYDcuRSqFdmCssGYkzB,Go Car Wash,2023-11-30,10.99,1
12502,lDRRrwSXivpvpZYDcuRSqFdmCssGYkzB,Hulu,2022-10-12,6.99,1
12503,lDRRrwSXivpvpZYDcuRSqFdmCssGYkzB,Hulu,2022-11-01,7.99,1
12504,lDRRrwSXivpvpZYDcuRSqFdmCssGYkzB,Hulu,2022-11-09,7.99,1
12505,lDRRrwSXivpvpZYDcuRSqFdmCssGYkzB,Hulu,2022-11-30,7.99,1
12513,lDRRrwSXivpvpZYDcuRSqFdmCssGYkzB,Hulu,2023-08-18,12.99,1
12514,lDRRrwSXivpvpZYDcuRSqFdmCssGYkzB,Hulu,2023-09-19,12.99,1
12521,lDRRrwSXivpvpZYDcuRSqFdmCssGYkzB,Hulu,2024-04-16,51.65,1
12522,lDRRrwSXivpvpZYDcuRSqFdmCssGYkzB,Hulu,2024-05-13,76.99,1
12523,lDRRrwSXivpvpZYDcuRSqFdmCssGYkzB,Hulu,2024-06-21,76.99,1
12524,lDRRrwSXivpvpZYDcuRSqFdmCssGYkzB,Hulu,2024-07-31,76.99,1
12612,lDRRrwSXivpvpZYDcuRSqFdmCssGYkzB,Jff Publications,2022-10-25,5.99,1
12613,lDRRrwSXivpvpZYDcuRSqFdmCssGYkzB,Jff Publications,2022-11-23,5.99,1
12964,lDRRrwSXivpvpZYDcuRSqFdmCssGYkzB,MyPerfectResume,2022-11-08,2.95,1
13130,lDRRrwSXivpvpZYDcuRSqFdmCssGYkzB,Nba League Pass,2022-10-17,14.99,1
13131,lDRRrwSXivpvpZYDcuRSqFdmCssGYkzB,Nba League Pass,2022-11-16,14.99,1
13137,lDRRrwSXivpvpZYDcuRSqFdmCssGYkzB,Ndotdiab,2023-04-18,10.99,1
13138,lDRRrwSXivpvpZYDcuRSqFdmCssGYkzB,Ndotdiab,2023-05-17,10.99,1
13177,lDRRrwSXivpvpZYDcuRSqFdmCssGYkzB,Opensky,2022-12-27,25.0,0
13179,lDRRrwSXivpvpZYDcuRSqFdmCssGYkzB,Opensky,2023-01-23,25.0,0
13180,lDRRrwSXivpvpZYDcuRSqFdmCssGYkzB,Opensky,2023-01-30,25.0,0
13181,lDRRrwSXivpvpZYDcuRSqFdmCssGYkzB,Opensky,2023-02-06,25.0,0
13183,lDRRrwSXivpvpZYDcuRSqFdmCssGYkzB,Opensky,2023-03-13,25.0,0
13318,lDRRrwSXivpvpZYDcuRSqFdmCssGYkzB,Patreon,2023-04-03,20.0,0
13320,lDRRrwSXivpvpZYDcuRSqFdmCssGYkzB,Patreon,2023-04-05,10.0,0
13321,lDRRrwSXivpvpZYDcuRSqFdmCssGYkzB,Patreon,2023-04-11,25.0,0
13323,lDRRrwSXivpvpZYDcuRSqFdmCssGYkzB,Patreon,2023-05-02,20.0,0
13324,lDRRrwSXivpvpZYDcuRSqFdmCssGYkzB,Patreon,2023-05-04,10.0,0
13325,lDRRrwSXivpvpZYDcuRSqFdmCssGYkzB,Patreon,2023-05-09,25.0,0
13327,lDRRrwSXivpvpZYDcuRSqFdmCssGYkzB,Patreon,2023-06-06,10.0,0
13328,lDRRrwSXivpvpZYDcuRSqFdmCssGYkzB,Patreon,2023-06-06,20.0,0
13329,lDRRrwSXivpvpZYDcuRSqFdmCssGYkzB,Patreon,2023-06-20,25.0,0
13330,lDRRrwSXivpvpZYDcuRSqFdmCssGYkzB,Patreon,2023-10-19,25.0,0
13331,lDRRrwSXivpvpZYDcuRSqFdmCssGYkzB,Patreon,2023-11-22,25.0,0
13332,lDRRrwSXivpvpZYDcuRSqFdmCssGYkzB,Patreon,2023-12-19,25.0,0
13333,lDRRrwSXivpvpZYDcuRSqFdmCssGYkzB,Patreon,2024-01-24,25.0,0
13343,lDRRrwSXivpvpZYDcuRSqFdmCssGYkzB,Peacock,2024-09-16,7.99,1
13344,lDRRrwSXivpvpZYDcuRSqFdmCssGYkzB,Peacock,2024-10-18,7.99,1
13345,lDRRrwSXivpvpZYDcuRSqFdmCssGYkzB,Peacock,2024-11-19,7.99,1
13346,lDRRrwSXivpvpZYDcuRSqFdmCssGYkzB,Peacock,2024-12-19,7.99,1
13421,lDRRrwSXivpvpZYDcuRSqFdmCssGYkzB,Quick Quack Car Wash,2022-10-12,5.0,0
13422,lDRRrwSXivpvpZYDcuRSqFdmCssGYkzB,Quick Quack Car Wash,2022-10-24,5.0,0
13424,lDRRrwSXivpvpZYDcuRSqFdmCssGYkzB,Quick Quack Car Wash,2023-03-23,5.0,0
13425,lDRRrwSXivpvpZYDcuRSqFdmCssGYkzB,Quick Quack Car Wash,2023-08-22,5.0,0
14324,lIcKhjsMjHoXNmAhytjCKytHrhBjraCM,Amazon Prime,2023-08-11,15.89,1
14325,lIcKhjsMjHoXNmAhytjCKytHrhBjraCM,Amazon Prime,2023-10-11,15.89,1
14326,lIcKhjsMjHoXNmAhytjCKytHrhBjraCM,Amazon Prime,2023-11-13,15.89,1
14327,lIcKhjsMjHoXNmAhytjCKytHrhBjraCM,Amazon Prime,2023-12-11,15.89,1
14328,lIcKhjsMjHoXNmAhytjCKytHrhBjraCM,Amazon Prime,2024-01-11,15.89,1
14329,lIcKhjsMjHoXNmAhytjCKytHrhBjraCM,Amazon Prime,2024-02-12,15.89,1
14330,lIcKhjsMjHoXNmAhytjCKytHrhBjraCM,Amazon Prime,2024-03-26,15.89,1
14331,lIcKhjsMjHoXNmAhytjCKytHrhBjraCM,Amazon Prime,2024-04-01,4.29,1
14332,lIcKhjsMjHoXNmAhytjCKytHrhBjraCM,Amazon Prime,2024-04-01,14.99,1
14333,lIcKhjsMjHoXNmAhytjCKytHrhBjraCM,Amazon Prime,2024-04-08,3.79,1
14334,lIcKhjsMjHoXNmAhytjCKytHrhBjraCM,Amazon Prime,2024-04-11,15.89,1
14335,lIcKhjsMjHoXNmAhytjCKytHrhBjraCM,Amazon Prime,2024-05-13,15.89,1
14336,lIcKhjsMjHoXNmAhytjCKytHrhBjraCM,Amazon Prime,2024-05-15,15.89,1
14337,lIcKhjsMjHoXNmAhytjCKytHrhBjraCM,Amazon Prime,2024-06-11,15.89,1
14338,lIcKhjsMjHoXNmAhytjCKytHrhBjraCM,Amazon Prime,2024-07-11,15.89,1
14339,lIcKhjsMjHoXNmAhytjCKytHrhBjraCM,Amazon Prime,2024-08-12,15.89,1
14340,lIcKhjsMjHoXNmAhytjCKytHrhBjraCM,Amazon Prime Video,2023-07-27,6.99,1
14342,lIcKhjsMjHoXNmAhytjCKytHrhBjraCM,Amazon Prime Video,2023-08-09,5.99,1
14345,lIcKhjsMjHoXNmAhytjCKytHrhBjraCM,Amazon Prime Video,2023-12-12,3.99,1
14346,lIcKhjsMjHoXNmAhytjCKytHrhBjraCM,Amazon Prime Video,2023-12-22,4.19,1
14347,lIcKhjsMjHoXNmAhytjCKytHrhBjraCM,Amazon Prime Video,2024-01-02,1.99,1
14348,lIcKhjsMjHoXNmAhytjCKytHrhBjraCM,Amazon Prime Video,2024-01-08,2.69,1
14349,lIcKhjsMjHoXNmAhytjCKytHrhBjraCM,Amazon Prime Video,2024-01-31,1.99,1
14351,lIcKhjsMjHoXNmAhytjCKytHrhBjraCM,Amazon Prime Video,2024-02-20,19.99,1
14356,lIcKhjsMjHoXNmAhytjCKytHrhBjraCM,Amazon Prime Video,2024-07-22,10.99,1
14391,lIcKhjsMjHoXNmAhytjCKytHrhBjraCM,Bilt Rewards,2024-01-05,9.99,1
14393,lIcKhjsMjHoXNmAhytjCKytHrhBjraCM,Bilt Rewards,2024-02-06,9.99,1
14750,lIcKhjsMjHoXNmAhytjCKytHrhBjraCM,Empower,2023-07-31,8.0,1
14756,lIcKhjsMjHoXNmAhytjCKytHrhBjraCM,Empower,2023-08-31,8.0,1
14762,lIcKhjsMjHoXNmAhytjCKytHrhBjraCM,Empower,2023-10-05,8.0,1
14766,lIcKhjsMjHoXNmAhytjCKytHrhBjraCM,Empower,2023-10-31,8.0,1
14770,lIcKhjsMjHoXNmAhytjCKytHrhBjraCM,Empower,2023-12-01,8.0,1
14773,lIcKhjsMjHoXNmAhytjCKytHrhBjraCM,Empower,2024-01-02,8.0,1
14777,lIcKhjsMjHoXNmAhytjCKytHrhBjraCM,Empower,2024-01-31,8.0,1
14786,lIcKhjsMjHoXNmAhytjCKytHrhBjraCM,Empower,2024-03-29,8.0,1
14790,lIcKhjsMjHoXNmAhytjCKytHrhBjraCM,Empower,2024-05-02,8.0,1
14796,lIcKhjsMjHoXNmAhytjCKytHrhBjraCM,Empower,2024-07-01,8.0,1
14800,lIcKhjsMjHoXNmAhytjCKytHrhBjraCM,Empower,2024-07-31,8.0,1
14816,lIcKhjsMjHoXNmAhytjCKytHrhBjraCM,FanDuel,2024-04-08,10.0,0
14819,lIcKhjsMjHoXNmAhytjCKytHrhBjraCM,FanDuel,2024-04-29,10.0,0
14820,lIcKhjsMjHoXNmAhytjCKytHrhBjraCM,FanDuel,2024-05-06,10.0,0
14821,lIcKhjsMjHoXNmAhytjCKytHrhBjraCM,FanDuel,2024-05-24,10.0,0
14822,lIcKhjsMjHoXNmAhytjCKytHrhBjraCM,FanDuel,2024-06-21,10.0,0
14826,lIcKhjsMjHoXNmAhytjCKytHrhBjraCM,FanDuel,2024-07-15,10.0,0
15226,lIcKhjsMjHoXNmAhytjCKytHrhBjraCM,Netflix,2024-07-01,15.49,1
15227,lIcKhjsMjHoXNmAhytjCKytHrhBjraCM,Netflix,2024-07-31,15.49,1
15233,lIcKhjsMjHoXNmAhytjCKytHrhBjraCM,Nfhsntwrk,2023-09-11,11.99,1
15272,lIcKhjsMjHoXNmAhytjCKytHrhBjraCM,Possible Finance,2023-08-25,41.59,1
15276,lIcKhjsMjHoXNmAhytjCKytHrhBjraCM,Possible Finance,2023-10-25,61.51,1
15280,lIcKhjsMjHoXNmAhytjCKytHrhBjraCM,Possible Finance,2023-12-20,84.11,1
15284,lIcKhjsMjHoXNmAhytjCKytHrhBjraCM,Possible Finance,2024-02-22,116.29,1
15285,lIcKhjsMjHoXNmAhytjCKytHrhBjraCM,Possible Finance,2024-03-20,120.43,1
15286,lIcKhjsMjHoXNmAhytjCKytHrhBjraCM,Possible Finance,2024-03-26,120.43,1
15311,lIcKhjsMjHoXNmAhytjCKytHrhBjraCM,Rudys Market Star,2023-05-09,5.78,0
15313,lIcKhjsMjHoXNmAhytjCKytHrhBjraCM,Rudys Market Star,2023-06-05,5.78,0
15342,lIcKhjsMjHoXNmAhytjCKytHrhBjraCM,Scentbird,2023-10-23,10.65,1
15369,lIcKhjsMjHoXNmAhytjCKytHrhBjraCM,Smartway Auto,2024-03-25,368.78,1
15547,lIcKhjsMjHoXNmAhytjCKytHrhBjraCM,Stellarfinance,2023-10-11,4.99,1
15876,lXgShipoLjuomQBAzqozgLTBWuBLOhIh,Albert Genius          Covina       CAUS,2024-11-14,14.99,1
15877,lXgShipoLjuomQBAzqozgLTBWuBLOhIh,Albert Genius          Covina       CAUS,2024-12-14,14.99,1
15890,lXgShipoLjuomQBAzqozgLTBWuBLOhIh,BURGER KING #17145     MESA         AZUS,2024-07-12,2.8,0
15891,lXgShipoLjuomQBAzqozgLTBWuBLOhIh,BURGER KING #17145     MESA         AZUS,2024-07-18,1.4,0
15892,lXgShipoLjuomQBAzqozgLTBWuBLOhIh,BURGER KING #17145     MESA         AZUS,2024-07-26,2.8,0
15893,lXgShipoLjuomQBAzqozgLTBWuBLOhIh,BURGER KING #17145     MESA         AZUS,2024-07-29,2.8,0
15894,lXgShipoLjuomQBAzqozgLTBWuBLOhIh,BURGER KING #17145     MESA         AZUS,2024-07-31,2.8,0
15895,lXgShipoLjuomQBAzqozgLTBWuBLOhIh,BURGER KING #17145     MESA         AZUS,2024-08-20,1.4,0
15896,lXgShipoLjuomQBAzqozgLTBWuBLOhIh,BURGER KING #17145     MESA         AZUS,2024-09-12,2.8,0
15897,lXgShipoLjuomQBAzqozgLTBWuBLOhIh,BURGER KING #17145     MESA         AZUS,2024-09-13,2.8,0
15898,lXgShipoLjuomQBAzqozgLTBWuBLOhIh,BURGER KING #17145     MESA         AZUS,2024-09-14,1.4,0
16438,lXgShipoLjuomQBAzqozgLTBWuBLOhIh,CSC SERVICEWORKS KIOSK/844-2729675  NYUS,2024-10-19,5.0,0
16439,lXgShipoLjuomQBAzqozgLTBWuBLOhIh,CSC SERVICEWORKS KIOSK/844-2729675  NYUS,2024-11-11,5.0,0
16440,lXgShipoLjuomQBAzqozgLTBWuBLOhIh,CSC SERVICEWORKS KIOSK/844-2729675  NYUS,2024-11-11,5.0,0
16441,lXgShipoLjuomQBAzqozgLTBWuBLOhIh,CSC SERVICEWORKS KIOSK/844-2729675  NYUS,2024-11-18,5.0,0
16442,lXgShipoLjuomQBAzqozgLTBWuBLOhIh,CSC SERVICEWORKS KIOSK/844-2729675  NYUS,2024-11-23,5.0,0
16443,lXgShipoLjuomQBAzqozgLTBWuBLOhIh,CSC SERVICEWORKS KIOSK/844-2729675  NYUS,2024-12-02,5.0,0
16444,lXgShipoLjuomQBAzqozgLTBWuBLOhIh,CSC SERVICEWORKS KIOSK/844-2729675  NYUS,2024-12-05,5.0,0
16445,lXgShipoLjuomQBAzqozgLTBWuBLOhIh,CSC SERVICEWORKS KIOSK/844-2729675  NYUS,2025-01-04,5.0,0
16446,lXgShipoLjuomQBAzqozgLTBWuBLOhIh,CSC SERVICEWORKS KIOSK/844-2729675  NYUS,2025-01-13,5.0,0
16447,lXgShipoLjuomQBAzqozgLTBWuBLOhIh,CSC SERVICEWORKS KIOSK/844-2729675  NYUS,2025-01-13,5.0,0
16448,lXgShipoLjuomQBAzqozgLTBWuBLOhIh,CSC SERVICEWORKS KIOSK/844-2729675  NYUS,2025-01-26,5.0,0
16795,lXgShipoLjuomQBAzqozgLTBWuBLOhIh,KLOVER PLUS            Chicago      ILUS,2025-01-08,0.03,1
16796,lXgShipoLjuomQBAzqozgLTBWuBLOhIh,KLOVER PLUS            Chicago      ILUS,2025-01-08,0.03,1
16798,lXgShipoLjuomQBAzqozgLTBWuBLOhIh,KLOVER PLUS            Chicago      ILUS,2025-01-27,0.04,1
16799,lXgShipoLjuomQBAzqozgLTBWuBLOhIh,KLOVER PLUS            Chicago      ILUS,2025-01-28,0.04,1
16804,lXgShipoLjuomQBAzqozgLTBWuBLOhIh,LYFT   *TEMP AUTH HOLD +18552800278 CAUS,2024-11-11,15.99,0
16805,lXgShipoLjuomQBAzqozgLTBWuBLOhIh,LYFT   *TEMP AUTH HOLD +18552800278 CAUS,2024-11-11,15.99,0
16806,lXgShipoLjuomQBAzqozgLTBWuBLOhIh,LYFT   *TEMP AUTH HOLD +18552800278 CAUS,2024-11-11,15.99,0
17339,mVvrrkZsbDvKGWCTYpFsbHEeUquBeCvr,AT&T,2022-11-12,35.0,1
17342,mVvrrkZsbDvKGWCTYpFsbHEeUquBeCvr,AT&T,2023-04-15,35.0,1
17349,mVvrrkZsbDvKGWCTYpFsbHEeUquBeCvr,AT&T,2024-05-15,85.2,1
17350,mVvrrkZsbDvKGWCTYpFsbHEeUquBeCvr,AT&T,2024-06-15,85.2,1
17352,mVvrrkZsbDvKGWCTYpFsbHEeUquBeCvr,AT&T,2024-07-18,85.2,1
17599,mVvrrkZsbDvKGWCTYpFsbHEeUquBeCvr,Hulu,2024-11-16,9.99,1
17736,mVvrrkZsbDvKGWCTYpFsbHEeUquBeCvr,North River Finance,2022-11-03,35.0,1
17737,mVvrrkZsbDvKGWCTYpFsbHEeUquBeCvr,North River Finance,2022-11-03,93.0,1
17738,mVvrrkZsbDvKGWCTYpFsbHEeUquBeCvr,North River Finance,2022-12-03,35.0,1
17739,mVvrrkZsbDvKGWCTYpFsbHEeUquBeCvr,North River Finance,2022-12-03,93.0,1
17740,mVvrrkZsbDvKGWCTYpFsbHEeUquBeCvr,North River Finance,2022-12-24,95.0,1
17741,mVvrrkZsbDvKGWCTYpFsbHEeUquBeCvr,North River Finance,2023-01-08,95.0,1
17742,mVvrrkZsbDvKGWCTYpFsbHEeUquBeCvr,North River Finance,2023-01-21,95.0,1
17743,mVvrrkZsbDvKGWCTYpFsbHEeUquBeCvr,North River Finance,2023-02-05,95.0,1
17744,mVvrrkZsbDvKGWCTYpFsbHEeUquBeCvr,North River Finance,2023-02-19,95.0,1
17745,mVvrrkZsbDvKGWCTYpFsbHEeUquBeCvr,North River Finance,2023-03-10,95.0,1
17746,mVvrrkZsbDvKGWCTYpFsbHEeUquBeCvr,North River Finance,2023-04-02,95.0,1
18091,mtdZazDvuHRqedBWQScvMrOEHESmmmAk,Amazon Prime Video,2024-10-29,12.99,1
18092,mtdZazDvuHRqedBWQScvMrOEHESmmmAk,Amazon Prime Video,2024-11-20,12.99,1
18147,mtdZazDvuHRqedBWQScvMrOEHESmmmAk,Cox,2024-07-19,113.45,1
18148,mtdZazDvuHRqedBWQScvMrOEHESmmmAk,Cox,2024-08-20,113.45,1
18149,mtdZazDvuHRqedBWQScvMrOEHESmmmAk,Cox,2024-09-20,131.45,1
18223,mtdZazDvuHRqedBWQScvMrOEHESmmmAk,Google One,2024-11-20,1.99,1
18224,mtdZazDvuHRqedBWQScvMrOEHESmmmAk,Google One,2024-12-20,1.99,1
18225,mtdZazDvuHRqedBWQScvMrOEHESmmmAk,Google One,2025-01-19,1.99,1
18254,mtdZazDvuHRqedBWQScvMrOEHESmmmAk,Ipsy,2025-01-06,17.36,0
18291,mtdZazDvuHRqedBWQScvMrOEHESmmmAk,Netflix,2024-01-20,11.99,1
18292,mtdZazDvuHRqedBWQScvMrOEHESmmmAk,Netflix,2024-02-17,11.99,1
18293,mtdZazDvuHRqedBWQScvMrOEHESmmmAk,Netflix,2024-06-09,11.99,1
18535,mtdZazDvuHRqedBWQScvMrOEHESmmmAk,Skrill,2024-12-09,20.0,0
18538,mtdZazDvuHRqedBWQScvMrOEHESmmmAk,Skrill,2024-12-20,20.0,0
18539,mtdZazDvuHRqedBWQScvMrOEHESmmmAk,Skrill,2024-12-20,20.0,0
18540,mtdZazDvuHRqedBWQScvMrOEHESmmmAk,Skrill,2024-12-22,20.0,0
18568,mtdZazDvuHRqedBWQScvMrOEHESmmmAk,Starz,2024-07-07,2.99,1
18569,mtdZazDvuHRqedBWQScvMrOEHESmmmAk,Starz,2024-08-07,2.99,1
18570,mtdZazDvuHRqedBWQScvMrOEHESmmmAk,Starz,2024-09-07,2.99,1
18571,mtdZazDvuHRqedBWQScvMrOEHESmmmAk,Starz,2024-10-09,9.99,1
18572,mtdZazDvuHRqedBWQScvMrOEHESmmmAk,Starz,2024-11-21,10.99,1
18573,mtdZazDvuHRqedBWQScvMrOEHESmmmAk,Starz,2025-01-07,10.99,1
19160,pVCpsJaNliwiclDOlRbUeTZwgaXIDnZr,APPLE.COM/BILL         866-712-7753 CAUS,2024-05-09,2.99,1
19161,pVCpsJaNliwiclDOlRbUeTZwgaXIDnZr,APPLE.COM/BILL         866-712-7753 CAUS,2024-05-15,15.99,0
19162,pVCpsJaNliwiclDOlRbUeTZwgaXIDnZr,APPLE.COM/BILL         866-712-7753 CAUS,2024-05-15,15.99,0
19163,pVCpsJaNliwiclDOlRbUeTZwgaXIDnZr,APPLE.COM/BILL         866-712-7753 CAUS,2024-05-15,15.99,0
19164,pVCpsJaNliwiclDOlRbUeTZwgaXIDnZr,APPLE.COM/BILL         866-712-7753 CAUS,2024-06-09,2.99,1
19165,pVCpsJaNliwiclDOlRbUeTZwgaXIDnZr,APPLE.COM/BILL         866-712-7753 CAUS,2024-07-09,2.99,1
19166,pVCpsJaNliwiclDOlRbUeTZwgaXIDnZr,APPLE.COM/BILL         866-712-7753 CAUS,2024-07-14,0.99,0
19167,pVCpsJaNliwiclDOlRbUeTZwgaXIDnZr,APPLE.COM/BILL         866-712-7753 CAUS,2024-08-09,2.99,1
19168,pVCpsJaNliwiclDOlRbUeTZwgaXIDnZr,APPLE.COM/BILL         866-712-7753 CAUS,2024-09-09,2.99,1
19172,pVCpsJaNliwiclDOlRbUeTZwgaXIDnZr,APPLE.COM/BILL         866-712-7753 CAUS,2024-10-09,2.99,1
19173,pVCpsJaNliwiclDOlRbUeTZwgaXIDnZr,APPLE.COM/BILL         866-712-7753 CAUS,2024-11-20,0.99,0
19181,pVCpsJaNliwiclDOlRbUeTZwgaXIDnZr,APPLE.COM/BILL         866-712-7753 CAUS,2025-01-09,2.99,1
19184,pVCpsJaNliwiclDOlRbUeTZwgaXIDnZr,APPLE.COM/BILL         www.apple.comCAUS,2024-09-11,2.99,0
19186,pVCpsJaNliwiclDOlRbUeTZwgaXIDnZr,APPLE.COM/BILL         www.apple.comCAUS,2024-11-19,0.99,1
19188,pVCpsJaNliwiclDOlRbUeTZwgaXIDnZr,APPLE.COM/BILL         www.apple.comCAUS,2024-12-12,2.99,0
19392,pVCpsJaNliwiclDOlRbUeTZwgaXIDnZr,CASH APP*DOORDASH      cash.app     CAUS,2024-10-16,4.99,0
19395,pVCpsJaNliwiclDOlRbUeTZwgaXIDnZr,CASH APP*JENIFER GALVIN800-9691940  CAUS,2024-04-11,150.0,0
19396,pVCpsJaNliwiclDOlRbUeTZwgaXIDnZr,CASH APP*JENIFER GALVIN800-9691940  CAUS,2024-04-18,150.0,0
19397,pVCpsJaNliwiclDOlRbUeTZwgaXIDnZr,CASH APP*JENIFER GALVIN800-9691940  CAUS,2024-04-25,150.0,0
19398,pVCpsJaNliwiclDOlRbUeTZwgaXIDnZr,CASH APP*JENIFER GALVIN800-9691940  CAUS,2024-05-02,150.0,0
19460,pVCpsJaNliwiclDOlRbUeTZwgaXIDnZr,DD *DOORDASH MCDONALDS SAN FRANCISCOCAUS,2024-06-15,48.3,0
19461,pVCpsJaNliwiclDOlRbUeTZwgaXIDnZr,DD *DOORDASH MCDONALDS SAN FRANCISCOCAUS,2024-06-15,48.3,0
19462,pVCpsJaNliwiclDOlRbUeTZwgaXIDnZr,DD *DOORDASH MCDONALDS SAN FRANCISCOCAUS,2024-06-15,48.3,0
19482,pVCpsJaNliwiclDOlRbUeTZwgaXIDnZr,DD *DOORDASHDASHPASS   +16506819470 CAUS,2024-04-09,9.99,0
19483,pVCpsJaNliwiclDOlRbUeTZwgaXIDnZr,DD *DOORDASHDASHPASS   +16506819470 CAUS,2024-04-09,9.99,0
19484,pVCpsJaNliwiclDOlRbUeTZwgaXIDnZr,DD *DOORDASHDASHPASS   +16506819470 CAUS,2024-04-10,9.99,0
19485,pVCpsJaNliwiclDOlRbUeTZwgaXIDnZr,DD *DOORDASHDASHPASS   +16506819470 CAUS,2024-04-10,9.99,0
19486,pVCpsJaNliwiclDOlRbUeTZwgaXIDnZr,DD *DOORDASHDASHPASS   +16506819470 CAUS,2024-04-13,9.99,0
19567,pVCpsJaNliwiclDOlRbUeTZwgaXIDnZr,MICROSOFT MICROSOFT*ST REDMOND        US,2024-10-12,6.99,1
19594,pVCpsJaNliwiclDOlRbUeTZwgaXIDnZr,MICROSOFT*STORE        MSBILL.INFO  WAUS,2024-05-13,6.99,1
19595,pVCpsJaNliwiclDOlRbUeTZwgaXIDnZr,MICROSOFT*XBOX         MSBILL.INFO  WAUS,2025-01-11,14.99,1
19636,pVCpsJaNliwiclDOlRbUeTZwgaXIDnZr,Microsoft*Microsoft 365425-6816830  WAUS,2024-08-16,6.99,0
19673,pVCpsJaNliwiclDOlRbUeTZwgaXIDnZr,PAI ISO                CONWAY         US,2024-10-01,33.5,1
19674,pVCpsJaNliwiclDOlRbUeTZwgaXIDnZr,PAI ISO                CONWAY         US,2024-10-01,33.5,1
19678,pVCpsJaNliwiclDOlRbUeTZwgaXIDnZr,PAI ISO                CONWAY         US,2024-10-31,38.5,1
19724,pVCpsJaNliwiclDOlRbUeTZwgaXIDnZr,STANDARD SCORES LLC    +18886987936 NCUS,2024-08-12,1.0,1
19805,pVCpsJaNliwiclDOlRbUeTZwgaXIDnZr,WILLYS VAPOR SHOP      CABOT        ARUS,2024-07-31,49.5,0
19807,pVCpsJaNliwiclDOlRbUeTZwgaXIDnZr,WILLYS VAPOR SHOP      CABOT        ARUS,2024-08-15,49.5,0
19813,pVCpsJaNliwiclDOlRbUeTZwgaXIDnZr,WILLYS VAPOR SHOP      CABOT        ARUS,2024-11-06,49.5,0
19815,pVCpsJaNliwiclDOlRbUeTZwgaXIDnZr,WILLYS VAPOR SHOP      CABOT        ARUS,2024-11-14,49.5,0
19817,pVCpsJaNliwiclDOlRbUeTZwgaXIDnZr,WILLYS VAPOR SHOP      CABOT        ARUS,2025-01-27,49.5,0
19895,rwwpivdCHSADVFlgwbaRMYuYzpmDuoLW,APPLE.COM/BILL         866-712-7753 CAUS,2024-07-13,19.99,1
20301,rwwpivdCHSADVFlgwbaRMYuYzpmDuoLW,JOE'S KWIK MARTS #7016 NORTH CHARLESSCUS,2024-07-05,20.0,0
20304,rwwpivdCHSADVFlgwbaRMYuYzpmDuoLW,JOE'S KWIK MARTS #7016 NORTH CHARLESSCUS,2024-08-10,20.0,0
20305,rwwpivdCHSADVFlgwbaRMYuYzpmDuoLW,JOE'S KWIK MARTS #7016 NORTH CHARLESSCUS,2024-08-24,20.0,0
20315,rwwpivdCHSADVFlgwbaRMYuYzpmDuoLW,KLOVER PLUS            Chicago      ILUS,2024-06-26,0.04,1
20316,rwwpivdCHSADVFlgwbaRMYuYzpmDuoLW,KLOVER PLUS            Chicago      ILUS,2024-07-22,0.05,1
20826,trjFYryrzuvqYFMVztuiNrKBfmGDaVIO,Amazon Prime,2024-03-10,3.79,1
20830,trjFYryrzuvqYFMVztuiNrKBfmGDaVIO,Amazon Prime,2024-05-21,3.79,1
20842,trjFYryrzuvqYFMVztuiNrKBfmGDaVIO,Amazon Prime Video,2023-07-13,2.99,1
20843,trjFYryrzuvqYFMVztuiNrKBfmGDaVIO,Amazon Prime Video,2023-07-13,5.99,1
20844,trjFYryrzuvqYFMVztuiNrKBfmGDaVIO,Amazon Prime Video,2023-07-27,3.79,1
20849,trjFYryrzuvqYFMVztuiNrKBfmGDaVIO,Amazon Prime Video,2023-10-11,3.59,1
20850,trjFYryrzuvqYFMVztuiNrKBfmGDaVIO,Amazon Prime Video,2023-10-13,3.79,1
20851,trjFYryrzuvqYFMVztuiNrKBfmGDaVIO,Amazon Prime Video,2023-10-26,2.89,1
20852,trjFYryrzuvqYFMVztuiNrKBfmGDaVIO,Amazon Prime Video,2023-10-27,3.79,1
20853,trjFYryrzuvqYFMVztuiNrKBfmGDaVIO,Amazon Prime Video,2023-10-29,3.79,1
20854,trjFYryrzuvqYFMVztuiNrKBfmGDaVIO,Amazon Prime Video,2023-10-30,3.79,1
20855,trjFYryrzuvqYFMVztuiNrKBfmGDaVIO,Amazon Prime Video,2023-10-31,3.79,1
20856,trjFYryrzuvqYFMVztuiNrKBfmGDaVIO,Amazon Prime Video,2023-11-16,3.79,1
20861,trjFYryrzuvqYFMVztuiNrKBfmGDaVIO,Amazon Prime Video,2023-12-07,3.79,1
20862,trjFYryrzuvqYFMVztuiNrKBfmGDaVIO,Amazon Prime Video,2023-12-10,3.79,1
20864,trjFYryrzuvqYFMVztuiNrKBfmGDaVIO,Amazon Prime Video,2024-01-11,4.89,1
20866,trjFYryrzuvqYFMVztuiNrKBfmGDaVIO,Amazon Prime Video,2024-01-25,4.89,1
20867,trjFYryrzuvqYFMVztuiNrKBfmGDaVIO,Amazon Prime Video,2024-02-02,3.79,1
20871,trjFYryrzuvqYFMVztuiNrKBfmGDaVIO,Amazon Prime Video,2024-02-28,3.79,1
20872,trjFYryrzuvqYFMVztuiNrKBfmGDaVIO,Amazon Prime Video,2024-03-01,4.29,1
20873,trjFYryrzuvqYFMVztuiNrKBfmGDaVIO,Amazon Prime Video,2024-03-10,3.79,1
20886,trjFYryrzuvqYFMVztuiNrKBfmGDaVIO,Amazon Prime Video,2024-08-04,4.29,1
20895,trjFYryrzuvqYFMVztuiNrKBfmGDaVIO,Amazon Prime Video,2024-12-30,10.99,1
20897,trjFYryrzuvqYFMVztuiNrKBfmGDaVIO,Amazon Prime Video,2025-01-30,10.99,1
20899,trjFYryrzuvqYFMVztuiNrKBfmGDaVIO,Apple,2023-04-02,9.99,1
20902,trjFYryrzuvqYFMVztuiNrKBfmGDaVIO,Apple,2023-05-02,9.99,1
20910,trjFYryrzuvqYFMVztuiNrKBfmGDaVIO,Apple,2024-11-26,0.99,1
20911,trjFYryrzuvqYFMVztuiNrKBfmGDaVIO,Apple,2024-12-26,0.99,1
20912,trjFYryrzuvqYFMVztuiNrKBfmGDaVIO,Apple,2025-01-26,0.99,1
21018,trjFYryrzuvqYFMVztuiNrKBfmGDaVIO,Disney,2024-11-22,10.99,1
21019,trjFYryrzuvqYFMVztuiNrKBfmGDaVIO,Disney,2024-12-20,10.99,1
21020,trjFYryrzuvqYFMVztuiNrKBfmGDaVIO,Disney,2025-01-20,10.99,1
21330,trjFYryrzuvqYFMVztuiNrKBfmGDaVIO,Prime Video Channels   amzn.com/billWAUS,2024-10-29,2.99,1
21333,trjFYryrzuvqYFMVztuiNrKBfmGDaVIO,Prime Video Channels   amzn.com/billWAUS,2024-11-29,10.99,1
21336,trjFYryrzuvqYFMVztuiNrKBfmGDaVIO,Prime Video Channels   amzn.com/billWAUS,2024-12-29,10.99,1
21339,trjFYryrzuvqYFMVztuiNrKBfmGDaVIO,Prime Video Channels   amzn.com/billWAUS,2025-01-29,10.99,1
21341,trjFYryrzuvqYFMVztuiNrKBfmGDaVIO,Prime Video TVOD       888-802-3080 WAUS,2024-09-10,3.79,1
21342,trjFYryrzuvqYFMVztuiNrKBfmGDaVIO,Prime Video TVOD       888-802-3080 WAUS,2024-11-26,2.99,1
